cluster,avg_magnitude,max_magnitude,cluster_size,avg_depth,avg_energy,avg_freq,depth_risk,avg_magnitude_norm,max_magnitude_norm,cluster_size_norm,avg_energy_norm,avg_freq_norm,depth_risk_norm,risk_score,risk_label
0,4.438545454545455,7.8,440,13.671702272727273,0.21826638477801238,0.1462205387205387,0.0681584168906471,0.5774931765693898,1.0000000000000002,0.20659971305595412,0.577493176569389,0.19406277012200848,0.7293650595259231,50.887756683697496,High
1,4.491715976331361,6.9,676,60.450974852071,0.2306316224026418,0.06928921031485129,0.016273134842974723,0.6573103570794094,0.7096774193548387,0.3194643711142994,0.6573103570794102,0.08786931455868609,0.11215388560339376,45.36419380266843,Medium
2,4.312577417818009,7.5,2099,145.09154740352548,0.18897149251581563,0.7300778148324598,0.0068450229857437185,0.3883956618515141,0.9032258064516132,1.0,0.38839566185151375,1.0,0.0,53.93591212483376,High
3,4.256666666666667,5.4,30,23.0811,0.17596899224806167,0.016872427983539034,0.0415263422351969,0.3044649730561977,0.22580645161290347,0.010521281683405069,0.3044649730561967,0.015514925772894091,0.4125581845631944,22.906228570719335,Low
4,4.573823529411765,6.6,1020,28.423630392156863,0.2497264021887822,0.1377202856451222,0.033986288798222505,0.7805664991169676,0.6129032258064517,0.4839789574366332,0.7805664991169677,0.18232930254841978,0.32286405455928235,58.43867407748673,High
5,4.440677966101695,5.2,59,22.730084745762714,0.21876231769806828,0.03322870893492358,0.04214059961073514,0.5806944063882247,0.16129032258064524,0.024390243902439025,0.5806944063882254,0.03809259380993351,0.4198651992094322,37.00788073660408,Medium
6,4.407407407407407,5.6,54,17.557962962962964,0.21102497846683865,0.023971193415637818,0.0538852244718749,0.530750149687794,0.29032258064516125,0.021999043519846963,0.5307501496877941,0.025313826261037762,0.5595756028488202,37.075873563355124,Medium
7,4.362222222222223,5.2,45,45.699755555555555,0.20051679586563273,0.022812071330589795,0.021413388316569824,0.4629201950218125,0.16129032258064524,0.017694882831181254,0.46292019502181125,0.023713812558142793,0.1733007418117107,27.143008273374537,Low
8,4.5249999999999995,5.7,76,15.174644736842104,0.23837209302325552,0.03406432748538007,0.061825160074287816,0.7072748267898374,0.3225806451612905,0.03252032520325203,0.7072748267898382,0.03924605395737624,0.6540266066909475,47.82991070930135,Medium
9,4.388571428571429,5.4,35,52.360771428571425,0.20664451827242494,0.018342151675484964,0.018740358754719227,0.5024744308808975,0.22580645161290347,0.01291248206599713,0.5024744308808972,0.017543683637934206,0.141503213713404,28.80898848550973,Low
10,4.569354838709677,6.0,62,19.141451612903225,0.24868717179294794,0.021694544006371913,0.049648854472801235,0.7738583029129105,0.4193548387096775,0.02582496413199426,0.7738583029129106,0.02217121488428855,0.5091810632586525,49.16561671955647,Medium
11,4.4,4.7,14,10.904285714285715,0.20930232558139508,0.015123456790123415,0.08400336013440537,0.5196304849884532,0.0,0.0028694404591104736,0.5196304849884529,0.013100703913496409,0.9178515750512757,39.93769372350896,Medium
12,4.372727272727273,5.3,11,17.37909090909091,0.20295983086680724,0.008080808080808046,0.054409655240639065,0.47868990132269573,0.19354838709677424,0.0014347202295552364,0.4786899013226952,0.0033792650892906706,0.5658140681255941,33.451935078986565,Medium
13,4.345238095238095,5.3,42,20.883309523809526,0.19656699889258,0.021208112874779497,0.04569692709925698,0.43742439238975006,0.19354838709677424,0.016260162601626018,0.4374243923897504,0.021499761474762385,0.46217016465274907,30.311714891542763,Medium
14,4.553543307086614,6.4,127,16.775787401574803,0.2450100714154914,0.07508019830854472,0.0562562983798629,0.7501227473586587,0.5483870967741937,0.05691056910569106,0.7501227473586588,0.09586300242188114,0.5877811604260486,51.16163166452726,High
15,4.5256410256410255,5.6,78,26.7005,0.2385211687537266,0.029906616017727084,0.03610043140015523,0.7082371054657424,0.29032258064516125,0.03347680535628886,0.7082371054657427,0.033506886869853515,0.3480132372500424,43.088271711087884,Medium
16,4.397826086956522,5.6,46,16.05823913043478,0.20879676440849318,0.016908212560386417,0.05862269794400003,0.5163671051310379,0.29032258064516125,0.018173122907699665,0.5163671051310376,0.015564321616564639,0.6159311134629977,37.0280405360423,Medium
17,4.3930232558139535,5.1,43,12.323581395348837,0.20767982693347725,0.01877691645133502,0.07505489480096489,0.5091573124227935,0.12903225806451601,0.01673840267814443,0.5091573124227938,0.018143818522662357,0.81140341527866,38.790284379431675,Medium
18,4.496,6.0,50,36.135799999999996,0.23162790697674393,0.023679012345678957,0.02692819327980009,0.6637413394919172,0.4193548387096775,0.020086083213773316,0.663741339491917,0.024910509197467772,0.23890314601916438,39.51821511468186,Medium
19,4.52,5.3,15,34.083800000000004,0.2372093023255811,0.013786008230452633,0.028503183805631088,0.699769053117782,0.19354838709677424,0.0033476805356288854,0.6997690531177828,0.011254534256309925,0.2576387433408064,40.00027469476076,Medium
20,4.505,5.7,20,12.098,0.23372093023255786,0.01462962962962959,0.07634753397465262,0.6772517321016158,0.3225806451612905,0.005738880918220947,0.6772517321016166,0.01241904127084294,0.826780248753652,48.11616159326489,Medium
21,4.491304347826087,5.7,23,13.785217391304348,0.23053589484327575,0.016827697262479836,0.06763512321355054,0.6566924389998983,0.3225806451612905,0.007173601147776184,0.6566924389998995,0.01545318096830595,0.7231401207378821,45.59263081950821,Medium
22,4.527777777777778,5.4,18,10.54277777777778,0.23901808785529685,0.012448559670781855,0.08663425903643451,0.7114447010520912,0.22580645161290347,0.0047824007651841235,0.7114447010520913,0.009408364599123448,0.9491479299270367,51.128217920869545,High
23,4.438461538461539,5.0,13,10.957076923076924,0.21824686940965982,0.009496676163342762,0.08363248028203445,0.5773672055427257,0.09677419354838723,0.0023912003825920618,0.5773672055427251,0.005333682456339036,0.9134397037068017,43.154987632695466,Medium
24,4.559090909090909,6.3,22,13.032136363636363,0.2463002114164902,0.01604938271604935,0.07126498589277211,0.7584505563720336,0.5161290322580647,0.006695361071257771,0.7584505563720344,0.014378821368471677,0.766319837933241,52.27566598400051,High
25,4.6,5.1,10,14.692000000000002,0.25581395348837177,0.01030864197530859,0.06372673973999489,0.8198614318706685,0.12903225806451601,0.0009564801530368245,0.8198614318706695,0.006454493147625054,0.6766472068198992,51.871615520691506,High
26,4.053846153846154,4.7,13,10.0,0.12880143112701226,0.008262108262108207,0.09090909090909091,0.0,0.0,0.0023912003825920618,0.0,0.003629525849705378,0.9999999999999998,15.084119266148893,Low
27,4.444262295081968,6.4,61,17.09577049180328,0.21959588257720136,0.03555960331916611,0.05526153199461517,0.5860750388066487,0.5483870967741937,0.02534672405547585,0.5860750388066481,0.04131008315199403,0.5759477289752318,41.604938671461326,Medium
28,4.533333333333333,4.8,9,14.404444444444444,0.2403100775193797,0.010425240054869656,0.06491633006347375,0.719784449576597,0.032258064516129004,0.0004782400765184127,0.7197844495765983,0.006615441271584934,0.6907982032309172,46.588205064120494,Medium
29,4.365,5.2,20,10.89195,0.20116279069767412,0.014845679012345639,0.08409049819415655,0.4670900692840645,0.16129032258064524,0.005738880918220947,0.4670900692840646,0.012717268677003835,0.9188881423017523,38.1862275167672,Medium
30,4.45,4.9,8,14.2725,0.22093023255813915,0.007175925925925875,0.06547716483876248,0.5946882217090073,0.06451612903225823,0.0,0.5946882217090063,0.0021301957582920998,0.6974697192441575,40.540339476856914,Medium
31,4.333333333333333,4.8,9,12.777777777777779,0.1937984496124028,0.012482853223593922,0.07258064516129031,0.41955350269437997,0.032258064516129004,0.0004782400765184127,0.4195535026943803,0.009455702282641042,0.7819705112948712,32.97264495107949,Medium
32,4.475,5.2,8,18.82125,0.22674418604651134,0.011574074074074037,0.05045090496310778,0.6322170900692834,0.16129032258064524,0.0,0.632217090069284,0.008201253669424594,0.5187220063764407,40.280148748708264,Medium
33,4.447058823529411,5.0,17,35.616705882352946,0.22024623803009544,0.013725490196078395,0.027309938889995562,0.590273060725444,0.09677419354838723,0.004304160688665711,0.5902730607254446,0.011170997167749459,0.24344427303842267,33.846981285041295,Medium
34,4.5813953488372094,6.9,43,11.923023255813956,0.25148729042725765,0.0301607809359747,0.0773812737317569,0.7919329716955792,0.7096774193548387,0.01673840267814443,0.7919329716955795,0.03385772769778452,0.8390772953116046,56.40454044176797,High
35,4.461111111111111,5.3,18,15.47888888888889,0.2235142118863046,0.013065843621399117,0.060683703054413056,0.6113677187580189,0.19354838709677424,0.0047824007651841235,0.6113677187580188,0.010260442902440256,0.6404481890855137,41.341103153995604,Medium
36,4.720000000000001,5.9,10,10.55,0.28372093023255784,0.00845679012345677,0.08658008658008658,1.0,0.3870967741935485,0.0009564801530368245,1.0,0.003898258237674582,0.9485035112391695,66.22114872499277,High
37,4.529999999999999,5.2,20,16.668,0.23953488372092996,0.01648148148148143,0.05659950192438307,0.7147806004618928,0.16129032258064524,0.005738880918220947,0.7147806004618938,0.014975276180793442,0.5918638030223253,45.68796906150512,Medium
38,4.481081081081081,5.8,37,12.14108108108108,0.2281583909490883,0.02349015682349011,0.07609723993254083,0.6413457337244859,0.35483870967741926,0.013868962219033956,0.6413457337244864,0.024649819294939496,0.8238028286942276,46.72240010235489,Medium
39,4.4125,5.4,16,11.80375,0.2122093023255811,0.012075617283950568,0.07810211851996485,0.5383949191685904,0.22580645161290347,0.003825920612147298,0.5383949191685912,0.008893567290869507,0.8476522406600171,40.92901591154596,Medium
40,4.35,4.8,8,18.105249999999998,0.19767441860465096,0.0067901234567901,0.05234163384410045,0.4445727482678974,0.032258064516129004,0.0,0.44457274826789883,0.0015976468187191136,0.5412135289460683,30.524107138353756,Medium
41,4.444444444444445,5.1,18,16.93277777777778,0.21963824289405653,0.013305898491083627,0.05576380928777223,0.5863484731845006,0.12903225806451601,0.0047824007651841235,0.5863484731845007,0.010591806687063485,0.5819226633980467,38.89299098269263,Medium
42,4.441666666666666,5.2,12,14.673333333333332,0.21899224806201523,0.009670781893004066,0.06380263717566993,0.5821785989222477,0.16129032258064524,0.001912960306073649,0.582178598922248,0.005574012234197658,0.677550059103282,40.1726317740283,Medium
43,4.4,4.7,8,15.20875,0.20930232558139508,0.005632716049382662,0.061695072106115516,0.5196304849884532,0.0,0.0,0.5196304849884529,0.0,0.6524791206914486,35.768711059794384,Medium
44,4.355555555555556,5.1,9,12.74,0.19896640826873357,0.006995884773662489,0.07278020378457059,0.452912496792405,0.12903225806451601,0.0004782400765184127,0.4529124967924044,0.001881672919824673,0.7843443985954743,35.08433363960355,Medium
45,4.425,4.7,8,19.427500000000002,0.21511627906976716,0.01172839506172835,0.04895361644841512,0.5571593533487293,0.0,0.0,0.5571593533487299,0.008414273245253793,0.5009107280064963,35.455771319986454,Medium
